Shrt_Desc,Water_(g),Energ_Kcal,Protein_(g),Lipid_Tot_(g),Ash_(g),Carbohydrt_(g),Fiber_TD_(g),Sugar_Tot_(g),Calcium_(mg),Iron_(mg),Magnesium_(mg),Phosphorus_(mg),Potassium_(mg),Sodium_(mg),Zinc_(mg),Copper_mg),Manganese_(mg),Selenium_(µg),Vit_C_(mg),Thiamin_(mg),Riboflavin_(mg),Niacin_(mg),Panto_Acid_mg),Vit_B6_(mg),Folate_Tot_(µg),Folic_Acid_(µg),Food_Folate_(µg),Folate_DFE_(µg),Choline_Tot_ (mg),Vit_B12_(µg),Vit_A_IU,Vit_A_RAE,Retinol_(µg),Alpha_Carot_(µg),Beta_Carot_(µg),Beta_Crypt_(µg),Lycopene_(µg),Lut+Zea_ (µg),Vit_E_(mg),Vit_D_µg,Vit_D_IU,Vit_K_(µg),FA_Sat_(g),FA_Mono_(g),FA_Poly_(g),Cholestrl_(mg),GmWt_1
"BABYFOOD,JUC TREATS,FRUIT MEDLEY,TODD",12.89,347,0,0.02,0.29,86.68,0,57.4,12,0.24,7,9,54,89,0.03,0.037,0.062,1.9,8,0.015,0.01,0.057,0.052,0.014,1,0,1,1,9.1,0,2,0,0,0,1,0,0,2,0.01,0,0,0,0,0,0,0,28
"BABYFOOD,MEAT,BF,STR",82.44,81,12.03,2.52,0.57,2.43,0,0,5,0.98,11,93,187,41,2.22,0.148,0.037,2.9,2.1,0.013,0.135,2.495,0.083,0.039,8,0,8,8,37.6,1.26,0,0,0,0,0,0,0,0,0.37,0.4,15,0.6,1.18,0.95,0.16,51,14.7
"BABYFOOD,MEAT,BF,JR",82.44,81,12.03,2.52,0.57,2.43,0,0,5,0.98,11,93,187,41,2.22,0.148,0.037,2.9,2.1,0.013,0.135,2.495,0.083,0.039,8,0,8,8,37.6,1.26,0,0,0,0,0,0,0,0,0.37,0.4,15,0.6,1.18,0.95,0.16,51,28.35
"BABYFOOD,MEAT,VEAL,STR",82.37,81,13.12,2.45,0.54,1.51,0,0,6,0.76,11,98,170,39,2.5,0.148,0.037,3.5,0,0.023,0.116,2.85,0.155,0.049,5,0,5,5,49.5,1.65,0,0,0,0,0,0,0,0,0.28,0.7,26,0,1.063,1.054,0.157,33,16
"BABYFOOD,MEAT,PORK,STR",78.4,124,14,7.1,1.1,0,0,0,5,1,10,94,223,42,2.27,0.072,,12.9,1.8,0.146,0.203,2.269,0.272,0.205,2,0,2,2,,0.99,38,11,11,0,0,0,0,0,0.4,,,,2.4,3.58,0.78,48,28.35
"BABYFOOD,MEAT,HAM,STR",80.5,97,11.3,3.8,0.7,3.7,0,0,6,1.03,13,81,204,44,2.25,0.065,,14.2,2.1,0.139,0.154,2.633,0.51,0.252,2,0,2,2,45.2,0.1,5,2,2,0,0,0,0,0,0.13,0.4,18,0,1.267,1.803,0.51,24,15
"BABYFOOD,MEAT,HAM,JUNIOR",80.5,97,11.3,3.8,0.7,3.7,0,0,5,1.01,11,89,210,44,1.7,0.068,,15,2.1,0.142,0.194,2.84,0.531,0.2,2,0,2,2,45.2,0.1,0,0,0,0,0,0,0,0,0.4,0.4,18,0,1.271,1.804,0.516,29,28.35
"BABYFOOD,MEAT,LAMB,STR",81.06,87,14.07,3.41,0.6,0.85,0,0,7,1.19,13,104,193,43,2.43,0.148,0.037,2.2,1.2,0.02,0.174,2.908,0.112,0.037,0,0,0,0,54.7,1.9,0,0,0,0,0,0,0,0,0.19,0.1,4,0.6,1.65,1.27,0.31,36,22
"BABYFOOD,MEAT,LAMB,JUNIOR",79.6,112,15.2,5.2,0.9,0,0,0,7,1.66,10,91,211,42,2.6,0.057,,7,1.7,0.019,0.191,3.193,0.424,0.183,2,0,2,2,54.7,2.27,27,8,8,,0,,,,0.4,0.1,4,,2.56,2.06,0.22,38,28.35
"BABYFOOD,MEAT,CHICK,STR",77.5,130,13.7,7.9,0.49,0.1,0,0,64,1.4,13,97,141,49,1.21,0.045,,11,1.7,0.014,0.152,3.255,0.68,0.2,3,0,3,3,43.2,0.4,21,6,6,0,0,0,0,0,0.25,0.3,11,1,2.03,3.56,1.92,61,15
"BABYFOOD,MEAT,CHICK,JR",76,146,14,9.6,0.49,0,0,0,55,0.99,11,90,122,49,1.01,0.045,,10.3,1.5,0.014,0.163,3.42,0.726,0.188,11,0,11,11,43.2,0.4,40,11,11,0,0,0,0,0,0.4,0,2,1.7,2.47,4.33,2.33,59,15
"BABYFOOD,MEAT,CHICK STKS,JR",68.3,188,14.6,14.4,1.2,1.5,0.2,1.4,73,1.56,14,121,106,267,1.01,0.045,,10.3,1.7,0.017,0.197,2.005,0.726,0.103,11,0,11,11,43.2,0.4,11,3,3,0,0,0,0,0,0.37,0.1,4,0.4,4.094,6.267,2.986,78,10
"BABYFOOD,MEAT,TURKEY,STR",80.32,111,11.5,6.2,0.58,1.4,0,0,41,0.7,12,117,135,49,1.77,0.148,0.037,12,2.2,0.008,0.163,2.61,0.41,0.029,8,0,8,8,39.8,1.11,0,0,0,0,0,0,0,0,0.08,0.8,34,0,1.641,2.384,1.741,58,15
"BABYFOOD,MEAT,TURKEY,JR",80.32,111,11.5,6.2,0.58,1.4,0,0,41,0.7,12,117,135,49,1.77,0.148,0.037,12,0,0.008,0.163,2.61,0.41,0.029,8,0,8,8,39.8,1.11,0,0,0,0,0,0,0,0,0.08,0.8,34,0,1.641,2.384,1.741,58,19
"BABYFOOD,SNACK,GERBER GRADUATE FRUIT STRIPS,REAL FRUIT BARS",19.09,330,0.82,2.24,1.24,76.61,2,68.65,18,1.05,9,23,312,14,0.14,0.242,0.7,1.4,179.9,0.041,0.046,0.334,0.142,0.201,1,0,1,1,14.5,0,233,12,0,0,102,76,0,81,0.96,0,0,2.5,0.364,0.092,0.664,0,9.9
"BABYFOOD,MEAT,MEAT STKS,JR",69.5,184,13.4,14.6,1.4,1.1,0.2,0.8,34,1.38,11,103,114,267,1.9,0.068,,13.3,2.4,0.059,0.172,1.481,0.481,0.08,11,0,11,11,56.8,0.29,69,21,21,0,0,0,0,0,0.28,0.2,9,0.5,5.82,6.48,1.59,70,10
"BABYFOOD,GERBER,2ND FOODS,APPL,CARROT & SQUASH,ORGANIC",83.83,64,1.1,0,0.26,14.82,1.2,9.09,6,0.15,5,17,106,20,0.22,0.033,0.039,0.8,2732,0.02,0.036,0.255,0.086,0.057,2,0,2,2,3.5,0,417,21,0,78,206,11,0,17,0.07,0,0,1,0,0,0,2,
"BABYFOOD,FINGER SNACKS,GERBER,GRADUATES,PUFFS,APPL & CINN",3.62,389,6.19,2.3,2.11,85.79,3.8,17.84,535,24.74,60,448,196,13,17.46,0.213,1.646,6.2,1.3,1.563,2.267,28.767,0.635,1.8,16,6,10,20,11.5,0,13,1,0,0,6,4,0,45,10.33,0,0,1.3,0.143,0.306,0.527,0,
"BABYFOOD,H2O,BTLD,GERBER,WO/ ADDED FLUORIDE.",99.9,0,0,0,0,0,0,0,0,0,0,0,0,0,0,0,0,0,0,0,0,0,0,0,0,0,0,0,0,0,0,0,0,0,0,0,0,0,0,0,0,0,0,0,0,0,113
"BABYFOOD,GERBER,3RD FOODS,APPL,MANGO & KIWI",86.34,53,0.47,0,0.32,12.88,2,10.18,9,0.17,6,11,123,2,0.06,0.061,0.089,0.3,23.3,0.018,0.018,0.25,0.093,0.059,14,0,14,14,4.5,0,294,15,0,2,170,10,1,30,0.41,0,0,5.9,0,0,0,0,
"BABYFOOD,TROPICAL FRUIT MEDLEY",87.14,51,0.31,0.14,0.19,12.22,1.3,9.78,0,0,5,11,141,0,0.05,0.035,0.039,0,15.9,0.019,0.027,0.138,0.076,0.039,2,0,2,2,3.6,0,88,4,0,0,46,14,0,20,0.1,0,0,0.8,0,0,0,0,
"BABYFOOD,DINNER,VEG&DUMPLINGS&BF,STR",88.9,48,2,0.9,0.5,7.7,,0,14,0.39,6,28,46,49,0.4,0.029,,2.1,0.8,0.049,0.04,0.574,0.208,0.047,7,0,7,7,,0.09,416,21,0,,,,,,0.24,,,,,,,,28.35
"BABYFOOD,DINNER,VEG&DUMPLINGS&BF,JR",88.6,48,2.1,0.8,0.6,8,,0,14,0.47,7,29,47,52,0.33,0.03,,2.1,0.8,0.039,0.036,0.49,0.214,0.048,7,0,7,7,,0.09,660,33,0,,,,,,,,,,,,,,28.35
"BABYFOOD,DINNER,BF LASAGNA,TODD",82.3,77,4.2,2.1,1.4,10,,0,18,0.87,11,40,122,41,0.7,0.097,,8.4,1.9,0.072,0.089,1.353,,0.071,6,0,6,6,,0.51,1163,58,0,,,,,,,,,,,,,,28.35
"BABYFOOD,DINNER,MACARONI&TOMATO&BF,STR",86.34,61,2.36,1.47,0.37,9.45,1.2,2.09,17,0.46,12,39,112,38,0.54,0.05,0.13,8.4,0.3,0.038,0.043,0.715,0.14,0.056,9,4,5,12,10.4,0.15,878,44,0,213,420,0,42,0,2.62,0,2,29.3,0.486,0.594,0.193,7,16
"BABYFOOD,DINNER,MACARONI&TOMATO&BF,JR",86.7,59,2.5,1.1,0.3,9.4,1.1,2.43,14,0.36,7,44,72,35,0.36,0.039,,8.4,1.5,0.048,0.055,0.751,,0.047,9,3,7,11,10.4,0.24,691,35,0,154,338,0,250,12,0.81,0,1,6.7,0.411,0.447,0.079,4,16
"BABYFOOD,RAVIOLI,CHS FILLED,W/TOMATO SAU",76.5,99,3.6,2.2,1.4,16.3,0.1,0.59,54,0.8,7,56,32,282,0.35,0.04,,13.4,0.1,0.12,0.14,1.65,,0.09,36,0,36,36,8,0.05,494,51,32,2,230,3,1632,69,0.42,0,1,9.4,0.96,0.57,0.48,7,16
"BABYFOOD,DINNER,BF NOODLE,STR",86.84,63,2.44,2.26,0.28,8.18,1.3,1.42,10,0.41,10,38,87,15,0.6,0.05,0.12,3.6,0.1,0.035,0.035,0.616,0.101,0.036,8,4,4,11,8.6,0.19,716,36,0,159,350,0,476,23,0.31,0,0,1.6,0.937,0.941,0.141,8,16
"BABYFOOD,MACARONI&CHS,TODD",81.7,82,3.5,2.6,1,11.2,0.5,0.79,102,0.6,9,81,18,112,0.43,0.041,,6.6,0,0.04,0.09,0.79,,0.05,25,22,3,40,3.2,0.06,73,19,19,0,6,0,0,2,0.03,0,2,0.2,1.53,0.7,0.17,7,113
"BABYFOOD,DINNER,BF&RICE,TODD",81.9,82,5,2.9,1.4,8.8,,0,11,0.69,8,35,120,32,0.92,0.054,,8.4,3.9,0.016,0.069,1.343,,0.139,6,0,6,6,,0.51,502,25,0,,,,,,,,,,,,,,28.35
"BABYFOOD,DINNER,SPAGHETTI&TOMATO&MEAT,JR",84.17,68,2.57,1.37,0.47,11.42,1.1,2.72,15,0.53,11,35,122,30,0.53,0.03,0.12,8.4,0.2,0.048,0.068,0.967,0.086,0.064,27,24,3,44,7.7,0.03,1255,63,0,304,601,0,1030,0,0.07,0,1,0.8,0.543,0.497,0.185,5,16
"BABYFOOD,DINNER,SPAGHETTI&TOMATO&MEAT,TODD",81.6,75,5.3,1,1.3,10.8,,,22,0.9,15,45,163,239,0.48,0.02,,8.4,4.1,0.062,0.101,1.558,,0.083,32,26,6,50,,0.23,443,22,0,,,,,,,,,,,,,,28.35
"BABYFOOD,DINNER,BF STEW,TODD",86.9,51,5.1,1.2,1.4,5.5,1.1,1.39,9,0.72,11,44,142,106,0.87,0.072,,4.5,3,0.014,0.065,1.313,,0.074,6,0,6,6,16.5,0.51,1649,82,0,346,816,0,2575,26,0.5,0,1,2.5,0.58,0.44,0.1,13,28.35
"BABYFOOD,DINNER,VEG&BF,STR",84.94,77,2.21,3.6,0.41,8.84,1.3,2.34,17,0.35,10,33,145,31,0.38,0.03,0.18,2.2,0.2,0.008,0.048,0.789,0.099,0.063,6,3,3,7,16.5,0.18,4926,246,0,810,2545,11,627,51,0.49,0,1,5.2,0.87,0.82,0.19,7,256
"BABYFOOD,DINNER,VEG&BF,JR",84.94,77,2.21,3.6,0.41,8.84,1.3,2.34,17,0.35,10,33,145,31,0.38,0.03,0.106,2.2,0.2,0.008,0.048,0.789,0.099,0.063,6,3,3,7,16.5,0.33,4926,246,0,810,2545,11,627,51,0.49,0,1,5.2,1.367,1.289,0.298,7,256
"BABYFOOD,DINNER,BF W/VEG",84.3,96,2.03,6.93,0.38,6.36,1.8,2.16,19,0.33,15,24,127,38,0.35,0.036,0.006,2.2,0,0.03,0.06,0.7,0.259,0.083,11,0,11,11,9.9,0.09,4436,222,0,993,2165,0,0,58,0.57,0,1,11.6,2.84,3.12,0.9,12,113
"BABYFOOD,DINNER,VEG&BACON,STR",85.75,69,1.92,2.95,0.4,8.81,1.7,1.77,14,0.3,10,28,116,49,0.3,0.04,0.14,1.7,0.3,0.032,0.039,0.474,0.16,0.058,3,0,3,3,16.4,0.06,2284,114,0,515,1112,0,1,225,0.51,0,1,9.1,1.063,1.347,0.377,4,256
"BABYFOOD,DINNER,VEG&HAM,STR",87.47,59,2.19,2.14,0.41,7.8,1.6,1.37,16,0.41,12,33,141,16,0.32,0.07,0.14,2.4,1.6,0.035,0.054,0.676,0.151,0.072,3,0,3,3,12.7,0.06,2872,144,0,645,1401,0,685,49,0.31,0.1,4,2.7,0.764,0.963,0.234,5,256
"BABYFOOD,DINNER,VEG&HAM,JR",87,60,2.02,1.89,0.45,8.64,1,0.99,14,0.24,8,33,97,45,0.3,0.03,0.07,2.4,1.1,0.032,0.04,0.512,,0.046,8,0,8,8,4.2,0.03,2872,144,0,645,1401,0,685,49,0.31,0,1,2.7,0.483,0.811,0.448,3,256
"BABYFOOD,DINNER,VEG&LAMB,STR",88.6,52,2,2,0.5,6.9,1.1,0.94,12,0.35,7,49,94,20,0.22,0.029,,2.4,1.2,0.018,0.034,0.529,0.16,0.046,4,0,4,4,9.5,0.16,1995,100,0,443,976,0,947,34,0.24,0,0,2.3,0.828,0.822,0.167,6,256
"BABYFOOD,DINNER,VEG&LAMB,JR",88.6,51,2.1,1.7,0.5,7.1,1.1,0.94,13,0.34,7,49,95,13,0.22,0.029,,2.4,1.7,0.021,0.032,0.554,0.159,0.044,4,0,4,4,,0.16,1483,138,76,,,,,,0.24,0,0,,0.696,0.69,0.154,5,28.35
"BABYFOOD,DINNER,CHICK NOODLE,STR",85.64,66,2.69,2.06,0.53,9.08,2.1,2.5,27,0.64,14,46,139,38,0.55,0.07,0.16,3.7,0.1,0.044,0.061,0.723,0.198,0.064,11,3,8,13,10.5,0.02,2182,110,1,495,1060,0,0,40,0.21,0.1,3,1.9,0.595,0.854,0.461,16,16
"BABYFOOD,DINNER,CHICK NOODLE,JR",87.25,55,2.37,1.18,0.41,8.79,0.9,1.07,21,0.38,7,79,39,35,0.4,0.03,0.1,3.7,0.1,0.032,0.04,0.703,0.178,0.052,7,2,5,8,7.7,0.01,1729,87,1,392,840,0,0,32,0.15,0,2,1.6,0.338,0.467,0.272,9,16
"BABYFOOD,DINNER,CHICK SOUP,STR",89.1,50,1.6,1.7,0.4,7.2,1.1,1.72,37,0.27,5,24,66,16,0.22,0.279,,1.4,1,0.017,0.032,0.293,,0.037,5,0,5,5,6.4,0.12,1384,69,0,313,674,0,0,40,0.51,0.1,3,6.9,0.278,0.425,0.9,4,113
BABYFOOD  DINNER  CHICK STEW  TODD,83.3,78,5.2,3.7,1.4,6.4,0.6,1.68,36,0.66,10,51,92,25,0.41,0.02,,5.5,1.9,0.031,0.074,1.153,,0.046,16,15,1,27,20.6,0.14,1010,52,2,214,495,0,0,178,0.22,0.2,7,3.7,1.1,1.7,0.77,29,16
"BABYFOOD,DINNER,VEG CHICK,STR",86.9,59,2.47,1.73,0.49,8.42,2.1,1.58,27,0.53,14,47,158,24,0.48,0.07,0.15,2.8,0.1,0.032,0.052,0.72,0.107,0.072,5,0,5,5,9.7,0.01,4132,207,0,938,2009,0,0,72,0.32,0.1,3,3.4,0.496,0.712,0.374,11,256
"BABYFOOD,DINNER,VEG,NOODLES&CHICK,STR",87.2,63,2,2.5,0.4,7.9,1.1,,28,0.35,10,31,55,20,0.25,0.054,,3.2,0.7,0.032,0.049,0.407,0.19,0.021,3,0,3,3,,0.08,1417,71,0,,,,,,,,,,,,,,28.35
"BABYFOOD,DINNER,VEG,NOODLES&CHICK,JR",86.2,64,1.7,2.2,0.7,9.1,1.1,,26,0.49,11,33,59,26,0.32,0.058,,3.2,0.8,0.042,0.037,0.675,0.204,0.023,3,0,3,3,,0.09,1051,53,0,,,,,,,,,,,,,,28.35
"BABYFOOD,DINNER,PASTA W/VEG",87.3,60,1.7,2.1,0.41,8.4,1.5,1.2,14,0.5,24,50,133,11,0.4,0.11,0.39,6.4,2.9,0.06,0.05,0.56,0.178,0.11,9,0,9,9,6.4,0,555,41,16,39,282,0,290,341,0.23,0,0,2.1,1.23,0.58,0.144,5,113
"BABYFOOD,DINNER,VEG&NOODLES&TURKEY,STR",90.3,44,1.2,1.2,0.4,6.8,1.1,,32,0.19,8,25,63,21,0.27,0.022,,2.8,0.8,0.018,0.044,0.25,0.186,0.016,2,0,2,2,,0.1,991,50,0,,,,,,,,,,,,,,28.35
"BABYFOOD,DINNER,VEG&NOODLES&TURKEY,JR",88.7,52,1.8,1.5,0.4,7.6,1.1,,32,0.26,9,29,73,17,0.3,0.026,,2.8,0.8,0.024,0.04,0.299,0.217,0.018,3,0,3,3,,0.12,994,50,0,,,,,,,,,,,,,,28.35
"BABYFOOD,DINNER,TURKEY&RICE,STR",88.22,52,2.27,1.24,0.33,7.94,0.9,1.66,18,0.29,8,34,91,19,0.4,0.03,0.13,3,0.2,0.022,0.04,0.648,0.177,0.052,4,0,4,4,6.8,0.02,1622,81,0,368,789,0,0,38,0.14,0,0,1.5,0.338,0.446,0.308,5,16
"BABYFOOD,DINNER,TURKEY & RICE,JR",86.64,56,2.37,0.92,0.5,9.57,1,1.25,24,0.41,9,37,86,23,0.47,0.03,0.12,3.3,0.3,0.033,0.044,0.692,0.2,0.052,8,0,8,8,7.7,0.02,1886,94,0,410,927,0,1127,134,0.31,0,0,3,0.239,0.304,0.233,4,16
"BABYFOOD,DINNER,VEG&TURKEY,STR",88.82,48,2.32,0.9,0.35,7.62,1.5,1.54,27,0.37,13,44,102,20,0.7,0.09,0.14,1.9,0.7,0.02,0.024,0.466,0.224,0.044,10,0,10,10,6.7,0.02,4396,220,0,998,2139,0,0,76,0.3,0,1,3.9,0.236,0.294,0.241,4,256
"BABYFOOD,DINNER,VEG&TURKEY,JR",88.5,53,1.72,1.74,0.49,7.55,0.9,1.36,16,0.36,9,32,98,45,0.3,0.02,0.06,1.9,0.4,0.022,0.032,0.539,0.162,0.052,7,0,7,7,9.4,0.01,4325,216,0,976,2107,0,0,174,0.31,0,0,4.8,0.485,0.687,0.391,4,256
"BABYFOOD,DINNER,MACARONI&CHS,STR",85.25,67,3.14,2.11,0.55,8.95,0.7,1.27,66,0.21,8,86,67,119,0.4,0.02,0.09,3.8,0.1,0.038,0.076,0.516,0.176,0.036,11,6,5,15,10.5,0.27,56,15,14,0,5,0,0,0,0.02,0,2,0.2,1.291,0.581,0.103,7,28.35
"BABYFOOD,DINNER,MACARONI&CHS,JR",86.5,61,2.6,2,0.7,8.2,0.3,1.32,51,0.3,7,59,44,266,0.32,0.021,,3.8,1.3,0.056,0.064,0.545,,0.016,11,10,2,18,3.2,0.03,106,30,29,0,5,0,0,1,0.03,0,2,0.2,1.175,0.534,0.132,6,28.35
"BABYFOOD,VEG,GRN BNS,STR",91.85,27,1.2,0.17,0.49,6.29,2.2,1.88,39,0.67,20,41,146,7,0.22,0.03,0.265,0.1,0.3,0.026,0.079,0.361,0.041,0.038,24,0,24,24,22.6,0,355,18,0,15,197,17,0,526,0.07,0,0,42.4,0.039,0,0.116,0,240
"BABYFOOD,VEG,GRN BNS,JR",92.5,24,1.2,0.1,0.4,5.8,1.9,1.08,65,1.08,22,19,128,5,0.19,0.049,,0.3,8.4,0.021,0.102,0.321,0.151,0.035,33,0,33,33,22.6,0,433,24,0,0,292,0,0,493,0.32,0,0,11.1,0.023,0.004,0.052,0,240
"BABYFOOD,GRN BNS,DICES,TODD",92.6,29,1.2,0.2,0.4,5.7,1.3,1.06,27,0.4,19,22,116,37,0.1,0.03,0.08,0.4,1.7,0.02,0.04,0.23,0.051,0.03,32,0,32,32,22.6,0,481,24,0,0,288,0,0,487,0.31,0,0,11,0.044,0.008,0.102,0,28.35
"BABYFOOD,VEG,GRN BNS&POTATOES",86.2,62,2.2,1.9,0.7,9,1.4,2.35,60,0.5,20,61,148,18,0.3,0.04,0.28,0.7,1.1,0.04,0.11,0.46,0.286,0.08,10,0,10,10,10,0.15,85,14,12,0,28,0,0,50,0.08,0,0,1.4,1.117,0.539,0.132,5,113
"BABYFOOD,VEG,BEETS,STR",90.1,34,1.3,0.1,0.9,7.7,1.9,6.09,14,0.32,14,14,182,83,0.12,0.07,,0.1,2.4,0.011,0.043,0.132,0.1,0.024,31,0,31,31,4.8,0,27,1,0,0,16,0,0,0,0.03,0,0,0.2,0.016,0.019,0.036,0,224
"BABYFOOD,VEG,CARROTS,STR",92.3,26,0.8,0.1,0.8,6,1.7,3.64,22,0.37,9,20,196,69,0.15,0.041,,0.2,5.7,0.023,0.04,0.463,0.24,0.073,15,0,15,15,6.9,0,11461,573,0,2602,5575,0,0,0,0.52,0,0,14.4,0.018,0.004,0.047,0,224
"BABYFOOD,VEG,CARROTS,JR",91,32,0.8,0.2,0.7,7.2,1.7,3.16,23,0.39,11,20,202,49,0.18,0.047,,0.2,5.5,0.024,0.041,0.497,0.278,0.08,17,0,17,17,8,0,11810,591,0,2682,5745,0,0,230,0.52,0,0,12.5,0.036,0.009,0.093,0,224
"BABYFOOD,VEG,SQUASH,STR",92.66,28,0.81,0.2,0.6,5.73,0.9,3.37,24,0.32,14,21,185,5,0.19,0.03,0.083,0.2,0.3,0.029,0.048,0.683,0.212,0.07,8,0,8,8,7.6,0,1703,85,0,242,896,9,0,3527,0.55,0,0,4.7,0.02,0.02,0.04,0,16
"BABYFOOD,VEG,SQUASH,JR",92.66,24,0.81,0.2,0.6,5.73,0.9,3.24,24,0.32,14,21,185,5,0.19,0.03,0.083,0.2,0.3,0.029,0.048,0.683,0.212,0.07,8,0,8,8,7.6,0,1703,85,0,242,896,9,0,3527,0.55,0,0,4.7,0.02,0.02,0.04,0,16
"BABYFOOD,VEG,SWT POTATOES,STR",84.8,57,1.1,0.1,0.8,13.2,1.5,4.05,16,0.37,13,24,263,22,0.21,0.081,,0.7,9.9,0.028,0.033,0.358,0.39,0.093,10,0,10,10,13.1,0,6438,322,0,0,3863,0,0,0,0.52,0,0,1.4,0.021,0.004,0.044,0,224
"BABYFOOD,VEG,SWT POTATOES,JR",84.1,60,1.1,0.1,0.7,14,1.5,4.24,16,0.39,12,24,243,18,0.11,0.1,,0.7,9.6,0.026,0.034,0.384,0.408,0.113,10,0,10,10,13.1,0,6636,332,0,0,3982,0,0,0,0.52,0,0,1.5,0.021,0.004,0.044,0,224
"BABYFOOD,POTATOES,TODDLER",86.8,52,1,0.1,0.37,11.73,0.9,0.91,4,0.2,15,23,110,57,0.17,0.07,0.07,0.8,10.5,0.02,0.01,0.35,0.305,0.07,6,0,6,6,13.2,0,0,0,0,0,0,0,0,0,0.02,0,0,0.2,0.015,0.002,0.025,0,163
"BABYFOOD,VEG,BUTTERNUT SQUASH&CORN",87.3,50,2,0.6,0.84,9.26,2,2.93,32,0.4,26,35,352,5,0.3,0.1,0.12,0.6,4.9,0.06,0.06,0.56,0.314,0.11,23,0,23,23,12.5,0,2793,140,0,362,1476,38,0,970,0.08,0,0,2.4,0.095,0.166,0.28,0,113
"BABYFOOD,APPLS,DICES,TODD",87.5,51,0.2,0.1,0.13,12.1,0.9,10.83,10,0.2,6,13,50,6,0.04,0.02,0.04,0.3,31.3,0.01,0.02,0.08,0.039,0.05,1,0,1,1,3.4,0,31,2,0,0,14,10,0,19,0.23,0,0,0.6,0.02,0.004,0.03,0,28.35
"BABYFOOD,FRUIT,APPLSAUC,STR",88.6,41,0.2,0.2,0.2,10.8,1.7,9.87,4,0.22,3,7,71,0,0.02,0.038,,0.3,38.3,0.012,0.028,0.061,0.11,0.031,2,0,2,2,3.4,0,28,1,0,0,12,9,0,17,0.6,0,0,0.5,0.032,0.008,0.056,0,16
"BABYFOOD,FRUIT,APPLSAUC,JR",89.5,37,0,0,0.2,10.3,1.7,8.48,5,0.22,3,6,77,1,0.04,0.035,,0.3,37.8,0.012,0.027,0.063,0.1,0.03,2,0,2,2,3.4,0,9,0,0,0,2,2,0,9,0.6,0,0,0.3,0,0,0,0,16
"BABYFOOD,FRUIT,APRICOT W/TAPIOCA,STR",83.1,60,0.3,0,0.3,16.3,1.5,1.41,9,0.3,4,10,121,0,0.05,0.034,,0.3,21.6,0.008,0.013,0.195,0.13,0.03,2,0,2,2,1.3,0,725,36,0,7,412,39,0,11,0.1,0,0,0.4,0,0,0,0,15
"BABYFOOD,VEG,CORN,CRMD,STR",83.6,57,1.4,0.4,0.5,14.1,2.1,1.23,20,0.28,8,33,90,43,0.19,0.034,,1.3,2.1,0.013,0.047,0.512,0.29,0.041,17,0,17,17,8.6,0.02,69,5,2,20,26,5,0,357,0.04,0,0,0,0.076,0.116,0.176,1,113
"BABYFOOD,VEG,CORN,CRMD,JR",81.4,65,1.4,0.4,0.55,16.25,2.1,1.48,4,0.27,8,33,81,52,0.23,0.038,,1.3,2.2,0.013,0.048,0.504,0.327,0.041,20,0,20,20,8.6,0.02,34,2,0,10,13,3,0,423,0.04,0,0,0,0.074,0.116,0.178,1,240
"BABYFOOD,VEG,PEAS,STR",87.52,50,3.27,0.43,0.42,8.36,2,2.01,18,0.95,17,50,106,5,0.47,0.061,0.218,0.1,0.6,0.087,0.065,1.119,0.075,0.016,28,0,28,28,32.2,0,216,11,0,11,124,0,0,1465,0.02,0,0,15.5,0.07,0.05,0.2,0,16
"BABYFOOD,PEAS,DICES,TODD",84.6,64,3.9,0.8,0.35,10.3,3.9,4.13,21,1,19,67,81,48,0.5,0.08,0.15,0.1,6,0.1,0.06,0.85,0.345,0.06,35,0,35,35,14.7,0,304,15,0,8,178,0,0,1805,0.45,0,0,18,0.14,0.07,0.37,0,28.35
"BABYFOOD,VEG,SPINACH,CRMD,STR",89.6,37,2.5,1.3,1,5.7,1.8,2.33,89,0.62,55,54,191,49,0.31,0.06,,2.4,8.7,0.015,0.104,0.216,,0.075,61,0,61,61,16.1,0.06,4170,227,23,0,2456,0,0,4505,0.83,0,0,196.7,0.702,0.332,0.133,5,240
"BABYFOOD,FRUIT,APRICOT W/TAPIOCA,JR",82.1,63,0.3,0,0.4,17.3,1.5,1.4,8,0.27,4,10,125,0,0.04,0.036,,0.3,17.9,0.008,0.013,0.196,0.138,0.028,2,0,2,2,1.2,0,723,36,0,7,411,39,0,12,0.6,0,0,0.4,0,0,0,0,15
"BABYFOOD,FRUIT,BANANAS W/TAPIOCA,STR",84,56,0.4,0.1,0.3,15.3,1.6,0.38,5,0.2,10,7,88,0,0.06,0.04,,0.6,16.7,0.012,0.031,0.183,0.15,0.115,6,0,6,6,4.1,0,43,2,0,17,17,0,0,0,0.6,0,0,0,0.035,0.01,0.019,0,15
"BABYFOOD,FRUIT,PEACHES,STR",83.65,65,0.94,0.33,0.59,14.48,1.3,11.5,4,0.23,7,15,195,4,0.11,0.03,0.037,0.1,46.1,0.015,0.077,1.64,0.083,0.018,21,0,21,21,8.5,0,686,34,0,0,378,68,0,163,1.99,0,0,6.6,0.02,0.01,0.04,0,17
"BABYFOOD,FRUIT,PEACHES,JR",83.65,65,0.94,0.33,0.59,14.48,1.3,11.5,4,0.23,7,15,195,4,0.11,0.03,0.037,0.1,46.1,0.015,0.077,1.64,0.083,0.018,21,0,21,21,8.5,0,686,34,0,0,378,68,0,163,1.99,0,0,6.6,0.02,0.01,0.04,0,17
"BABYFOOD,FRUIT,PEARS,STR",88.4,42,0.3,0.2,0.3,10.8,2.8,6.98,8,0.24,8,12,130,1,0.08,0.065,,0.4,24.5,0.013,0.028,0.189,0.09,0.008,4,0,4,4,3.6,0,17,1,0,0,9,1,0,36,0.09,0,0,3.2,0.012,0.042,0.046,0,16
"BABYFOOD,FRUIT,PEARS,JR",87.8,44,0.3,0.1,0.2,11.6,2.8,7.34,8,0.25,9,12,115,1,0.08,0.08,,0.4,22,0.014,0.03,0.188,0.095,0.01,4,0,4,4,2.3,0,18,1,0,0,10,1,0,38,0.6,0,0,3.4,0.006,0.021,0.023,0,16
"BABYFOOD,FRUIT,PLUMS W/TAPIOCA,WO/VIT C,STR",80,71,0.1,0,0.24,19.7,1.2,13.34,6,0.2,4,6,85,0,0.08,0.037,,0.4,1.1,0.008,0.028,0.213,0.11,0.024,2,0,2,2,1.1,0,142,7,0,0,78,14,0,30,0.14,0,0,3.5,0,0,0,0,15
"BABYFOOD,FRUIT,PLUMS W/TAPIOCA,WO/VIT C,JR",79.2,74,0.1,0,0.2,20.5,1.2,13.64,6,0.22,4,6,83,0,0.08,0.038,,0.4,0.8,0.006,0.03,0.206,0.114,0.029,1,0,1,1,1.1,0,94,5,0,0,52,10,0,29,0.6,0,0,3.4,0,0,0,0,15
"BABYFOOD,FRUIT,PRUNES W/TAPIOCA,WO/VIT C,STR",80.3,69,0.6,0.1,0.5,18.5,2.7,10.97,15,0.35,10,15,177,5,0.09,0.061,,0.5,0.8,0.022,0.075,0.525,0.14,0.081,0,0,1,1,1.1,0,453,23,0,33,228,54,0,39,0.6,0,0,15.6,0.008,0.066,0.022,0,15
"BABYFOOD,FRUIT,PRUNES W/TAPIOCA,WO/VIT C,JR",80.1,70,0.6,0.1,0.78,18.7,2.7,10.97,15,0.33,10,15,162,2,0.1,0.062,,0.5,0.8,0.022,0.083,0.526,0.141,0.086,1,0,1,1,,0,208,10,0,15,105,25,0,39,0.11,,,15.8,0.008,0.066,0.022,0,28.35
"BABYFOOD,PRUNES,WO/VIT C,STR",74.3,100,1,0.2,0.98,23.52,2.7,14.28,21,0.4,17,30,306,1,0.2,0.164,,0.8,1.3,0.02,0.21,0.72,,0.11,1,0,1,1,3.7,0,60,3,0,4,30,7,0,55,0.55,0,0,22.1,0.02,0.13,0.04,0,15
"BABYFOOD,FRUIT DSSRT,MANGO W/ TAPIOCA",80,70,0.3,0.2,0.33,19,1.1,13,8,0.2,6,4,66,4,0.03,0.03,,0.4,15.8,0.02,0.02,0.2,0.1,0.08,8,0,8,8,4.5,0,450,23,0,10,262,6,0,0,0.66,0,0,2.5,0.039,0.06,0.03,0,15
"BABYFOOD,PEARS,DICES,TODD",85.6,57,0.3,0.1,0.2,13.6,1.2,8.66,10,0.2,7,13,51,6,0.09,0.04,0.03,0.4,31.3,0.01,0.02,0.13,,0.04,1,0,1,1,3.6,0,21,1,0,0,12,2,0,44,0.11,0,0,4,0.01,0.043,0.046,0,28.35
"BABYFOOD,FRUIT,APPLSAUC&APRICOTS,STR",87.7,44,0.2,0.2,0.26,11.64,1.8,9.25,6,0.25,4,9,120,0,0.04,0.041,,0.3,18.9,0.014,0.029,0.14,0.119,0.03,2,0,2,2,3.1,0,339,17,0,3,189,26,0,28,0.18,0,0,1,0.024,0.037,0.045,0,16
"BABYFOOD,FRUIT,APPLSAUC&APRICOTS,JR",86.9,47,0.2,0.2,0.24,12.4,1.8,8.72,6,0.26,4,10,109,0,0.03,0.044,,0.3,17.9,0.014,0.03,0.145,0.125,0.03,1,0,1,1,3.1,0,33,2,0,0,15,11,0,15,0.04,0,0,0.5,0.028,0.03,0.051,0,16
"BABYFOOD,FRUIT,APPLSAUC&CHERRIES,STR",85.63,51,0,0,0.25,14.1,1.1,10.81,1,0.3,4,8,132,1,0.03,0.045,,0.3,42.8,0.01,0.03,0.14,0.131,0.037,0,0,0,0,4.6,0,45,2,0,0,25,4,0,56,0.12,0,0,2,0,0,0,0,28.35
"BABYFOOD,FRUIT,APPLSAUC & CHERRIES,JR",85.6,51,0,0,0.3,14.1,1.1,10.61,1,0.3,4,8,132,1,0.03,0.046,,0.3,42.8,0.01,0.03,0.14,0.13,0.039,0,0,0,0,4.6,0,45,2,0,0,24,6,0,47,0.06,0,0,1.2,0,0,0,0,28.35
"BABYFOOD,FRUIT,APPLSAUC W/BANANA,JR",83.14,66,0.37,0.1,0.26,16.16,1.6,4.35,5,0.24,9,12,131,3,0.05,0.04,0.1,0.4,17.3,0.01,0.031,0.163,0.135,0.1,3,0,3,3,4.9,0,6,0,0,0,3,2,0,8,0.02,0,0,0.3,0.04,0.01,0.05,0,16
"BABYFOOD,FRUIT,APPLSAUC&PNAPPL,STR",89.5,37,0.1,0.1,0.2,10.1,1.5,,4,0.1,3,6,78,2,0.02,0.035,,0.3,28.1,0.021,0.026,0.078,0.101,0.039,2,0,2,2,,0,0,0,0,,,,,,0.6,,,,0.01,0.009,0.032,0,28.35
"BABYFOOD,FRUIT,APPLSAUC&PNAPPL,JR",89.1,39,0.1,0.1,0.2,10.5,1.5,,4,0.1,4,6,76,2,0.03,0.036,,0.3,26.8,0.022,0.027,0.079,0.104,0.039,2,0,2,2,,0,21,1,0,,,,,,0.6,,,,0.011,0.009,0.032,0,28.35
"BABYFOOD,FRUIT,APPL & RASPBERRY,STR",83.8,58,0.2,0.2,0.2,15.6,2.1,12.96,5,0.22,4,8,80,0,0.03,0.054,,0.3,26.8,0.014,0.028,0.106,0.09,0.034,1,0,1,1,3.5,0,22,1,0,0,10,7,0,21,0.21,0,0,0.8,0.033,0.008,0.062,0,28.35
"BABYFOOD,FRUIT,APPL & RASPBERRY,JR",84,58,0.2,0.2,0.2,15.4,2.1,12.96,5,0.22,4,8,72,0,0.03,0.053,,0.3,28.9,0.012,0.029,0.104,0.088,0.034,1,0,1,1,3.5,0,34,2,0,1,15,9,0,21,0.07,0,0,0.8,0.032,0.008,0.063,0,28.35
"BABYFOOD,FRUIT & VEG,APPL & SWT POTATO",84,64,0.3,0.22,0.3,15.3,1.4,11.6,8,0.2,6,17,149,3,0.1,0.09,0.06,0.3,6.4,0.01,0.02,0.1,0.103,0.05,2,0,2,2,4.4,0,2050,103,0,0,1225,9,0,13,0.16,0,0,0.8,0.041,0.008,0.079,0,113
"BABYFOOD,FRUIT,BANANAS&PNAPPL W/TAPIOCA,JR",81.1,68,0.2,0.1,0.2,18.4,1.6,8.41,7,0.13,6,5,78,0,0.03,0.04,,0.6,21.2,0.015,0.019,0.182,0.148,0.092,6,0,6,6,6.9,0,40,2,0,1,23,0,0,2,0.02,0,0,0.6,0.036,0.009,0.02,0,15
"BABYFOOD,FRUIT,BANANAS&PNAPPL W/TAPIOCA,STR",81.7,65,0.2,0,0.53,17.8,1.6,10.73,7,0.23,6,5,68,0,0.04,0.039,,0.6,19.2,0.019,0.019,0.168,0.143,0.082,18,0,18,18,6.9,0,60,3,0,12,30,0,0,11,0.06,0,0,0.6,0,0,0,0,15
"BABYFOOD,FRUIT,PEARS&PNAPPL,STR",88.5,41,0.3,0.1,0.3,10.9,2.6,7.79,10,0.25,7,9,116,0,0.07,0.14,,0.4,27.5,0.021,0.028,0.207,0.089,0.016,3,0,3,3,3.2,0,29,1,0,0,17,1,0,15,0.04,0,0,1.6,0.007,0.016,0.029,0,16
"BABYFOOD,FRUIT,PEARS&PNAPPL,JR",87.8,44,0.3,0.2,0.3,11.4,2.6,7.36,10,0.21,7,10,118,0,0.13,0.105,,0.4,16.8,0.024,0.023,0.183,0.095,0.013,3,0,3,3,3.2,0,32,2,0,0,18,2,0,32,0.08,0,0,3,0.013,0.031,0.058,0,16
"BABYFOOD,FRUIT,GUAVA&PAPAYA W/TAPIOCA,STR",82.5,63,0.2,0.1,0.2,17,,,7,0.2,5,6,74,4,0.06,,,0.4,80.9,0.01,0.022,0.263,,0.014,2,0,2,2,,0,184,9,0,,,,,,,,,,,,,,28.35
"BABYFOOD,PEACHES,DICES,TODD",87.4,51,0.5,0.2,0.2,11.8,0.8,9.49,6,0.2,8,17,83,9,0.12,0.03,0.05,0.4,31.3,0.01,0.02,0.47,0.17,0.04,5,0,5,5,8.5,0,138,7,0,0,69,28,0,103,0.83,0,0,2.9,0.016,0.046,0.078,0,28.35
"BABYFOOD,FRUIT,PAPAYA&APPLSAUC W/TAPIOCA,STR",80.6,70,0.2,0.1,0.2,18.9,1.4,,7,0.44,5,5,79,5,0.03,0.044,,0.4,113.1,0.01,0.028,0.108,0.28,0.023,2,0,2,2,,0,76,4,0,,,,,,,,,,,,,,28.35
"BABYFOOD,FRUIT,BANANAS W/APPLS&PEARS,STR",79,83,0.9,0.22,0.57,19.31,1.4,12.76,5,0.3,25,19,233,2,0.1,0.08,0.082,0.6,13.9,0.01,0.03,0.55,0.145,0.29,5,0,5,5,7.1,0,56,3,0,15,23,6,0,10,0.08,0,0,0.6,0.106,0.028,0.085,0,15
"BABYFOOD,FRUIT,APPL&BLUEBERRY,STR",83.1,61,0.2,0.2,0.2,16.3,1.8,13.93,4,0.2,3,8,69,1,0.03,0.056,,0.4,27.8,0.017,0.034,0.12,0.163,0.037,4,0,4,4,3.2,0,20,1,0,0,10,5,0,24,0.12,0,0,3.5,0.024,0.019,0.073,0,28.35
"BABYFOOD,FRUIT,APPL&BLUEBERRY,JR",82.8,62,0.2,0.2,0.19,16.6,1.8,8.83,5,0.4,3,7,65,1,0.04,0.057,,0.4,13.9,0.018,0.043,0.103,0.164,0.042,3,0,3,3,3.2,0,41,2,0,0,22,6,0,43,0.27,0,0,8.8,0.024,0.019,0.073,0,28.35
"BABYFOOD,JUICE,APPLE",88,47,0,0.1,0.2,11.7,0.1,10.7,4,0.57,3,5,91,8,0.03,0.04,,0.1,57.9,0.007,0.016,0.083,0.116,0.029,0,0,0,0,1.8,0,18,1,0,0,8,6,0,16,0.6,0,0,0,0.018,0.002,0.031,0,31.7
"BABYFOOD,APPLE-BANANA JUC",87.1,51,0.2,0.1,0.26,12.3,0.2,11,7,0.2,6,8,123,4,0.04,0.02,0.08,0.3,27.9,0.01,0.01,0.14,0.125,0.06,1,0,1,1,2.3,0,9,0,0,3,4,0,0,16,0.02,0,0,0,0.018,0.004,0.034,0,31.2
"BABYFOOD,JUC,APPL&PEACH",89,43,0.2,0.1,0.3,10.5,0.1,9.59,3,0.56,3,4,97,0,0.03,0.037,,0.3,58.5,0.008,0.011,0.213,0.082,0.022,1,0,1,1,2.5,0,63,3,0,0,31,13,0,29,0.15,0,0,0.5,0.018,0.002,0.031,0,31.2
"BABYFOOD,APPLE-CRANBERRY JUC",88.3,46,0,0.02,0.19,11.49,0,6.88,6,0.22,3,7,97,5,0.05,0.01,0.16,0.1,27.9,0,0.02,0.07,,0.03,0,0,0,0,3.4,0,28,1,0,0,17,0,0,49,0.56,0,0,2.4,0.007,0.001,0.012,0,31.2
"BABYFOOD,JUC,APPL&PLUM",87.3,49,0.1,0,0.3,12.3,0.1,11.54,5,0.62,3,3,101,0,0.03,0.042,,0.3,58.2,0.02,0.017,0.195,0.123,0.028,0,0,0,0,1.6,0,43,2,0,0,24,5,0,21,0.04,0,0,0.8,0,0,0,0,31.2
"BABYFOOD,JUC,APPL&PRUNE",81.3,72,0.2,0.1,0.3,18.1,0.1,10.58,9,0.95,7,15,148,8,0.05,0.062,,0.3,67.5,0.005,0.002,0.301,0.181,0.035,0,0,0,0,1.8,0,16,1,0,1,8,2,0,22,0.05,0,0,1.3,0.018,0.006,0.031,0,31.2
"BABYFOOD,JUICE,ORANGE",88.5,45,0.6,0.3,0.4,10.2,0.1,8.26,12,0.17,9,11,184,0,0.06,0.046,,0.1,62.5,0.045,0.028,0.239,0.137,0.054,26,0,26,26,6.2,0,55,3,0,2,9,47,0,113,0.04,0,0,0.1,0.035,0.05,0.06,0,31.2
"BABYFOOD,JUC,ORANGE&APPL",88.9,43,0.4,0.2,0.4,10.1,,,10,0.2,5,7,138,3,0.03,0.04,,0.1,76.9,0.038,0.028,0.185,0.12,0.038,12,0,12,12,,0,73,4,0,,,,,,,,,,,,,,31.2
"BABYFOOD,JUC,ORANGE&APPL&BANANA",87.6,47,0.4,0.1,0.4,11.5,0.1,10.03,5,0.35,6,8,134,0,0.03,0.044,,0.1,32.1,0.043,0.027,0.263,0.134,0.062,10,0,10,10,4.1,0,27,1,0,1,5,22,0,59,0.02,0,0,0.1,0.016,0.007,0.027,0,31.2
"BABYFOOD,JUC,ORANGE&APRICOT",87.8,46,0.8,0.1,0.4,10.9,0.1,,6,0.38,7,12,199,6,0.04,0.084,,0.1,85.9,0.058,0.028,0.267,0.096,0.056,20,0,20,20,,0,216,11,0,,,,,,0.6,,,,0.011,0.022,0.02,0,31.2
"BABYFOOD,JUC,ORANGE&BANANA",86.9,50,0.7,0.1,0.4,11.9,,,17,0.11,14,13,200,3,0.09,0.042,,0.1,34,0.051,0.042,0.18,0.148,0.054,24,0,24,24,,0,46,2,0,,,,,,,,,,,,,,31.2
"BABYFOOD,JUC,ORANGE&PNAPPL",87.3,48,0.5,0.1,0.4,11.7,0.1,,8,0.42,9,9,141,2,0.04,0.044,,0.1,53.4,0.05,0.023,0.194,0.059,0.062,19,0,19,19,,0,31,2,0,,,,,,0.6,,,,0.01,0.014,0.024,0,31.2
"BABYFOOD,JUC,PRUNE&ORANGE",81.9,70,0.6,0.3,0.4,16.8,,,12,0.87,8,10,181,2,0.04,0.046,,0.1,63.8,0.044,0.12,0.396,0.137,0.061,13,0,13,13,,0,131,7,0,,,,,,,,,,,,,,31.2
"BABYFOOD,JUC,MXD FRUIT",87.9,47,0.1,0.1,0.2,11.7,0.1,8.46,8,0.34,5,5,101,8,0.03,0.04,,0.5,63.6,0.023,0.014,0.123,0.115,0.043,7,0,7,7,3.5,0,42,2,0,11,19,1,0,21,0.04,0,0,0.9,0.015,0.006,0.039,0,31.2
"BABYFOOD,CRL,BARLEY,DRY FORT",6.8,376,13.2,6.6,4,69.4,6.6,13.2,643,48.21,115,333,467,33,3.13,0.467,,30.2,0,0.892,1.07,14.28,4.92,0.714,179,156,23,287,45.4,3.57,0,0,0,0,0,0,0,170,5,7.1,286,2.3,0.894,1.45,3.859,0,2.4
"BABYFOOD,CRL,WHL WHEAT,W/ APPLS,DRY FORT",1.7,402,6.6,4.8,3.7,83.2,6.7,26.66,600,45,140,200,500,66,2.6,0.62,2.52,64.7,58.3,0.33,1,13.33,0.953,0.66,166,142,24,265,42.1,3.33,0,0,0,0,0,0,0,203,50,0,0,8.3,0.639,1.277,1.866,0,15
"BABYFOOD,CRL,MXD,DRY FORT",6.7,399,6.66,6.66,1.77,78.21,6.7,26.66,800,30,100,333,467,33,10.66,0.334,,25.9,58.3,1.166,1.333,15,1.074,1.166,167,132,35,259,23.2,5,0,0,0,0,0,0,0,148,4.21,0,0,1.5,0.769,1.206,1.697,0,2.5
"BABYFOOD,CRL,MXD,W/ BANANAS,DRY",4.5,391,10.7,4.6,3.1,77.1,7.8,6.68,696,47.5,90,367,668,0,1.4,0.256,,20,3.6,3.78,3.56,20.56,,0.408,17,0,17,17,28.6,0.24,125,6,0,49,51,0,0,96,0.51,0,0,3.5,0.846,1.223,1.734,0,2.5
"BABYFOOD,CRL,MXD,W/ APPLSAUC & BANANAS,STR",80,82,0.71,0.51,0.4,18.38,1,11.1,91,6.81,7,29,111,5,1.01,0.055,,2.6,15.9,0.126,0.156,2.02,0.195,0.101,25,25,0,43,3.5,0.51,0,0,0,0,0,0,0,10,0.03,0,0,0.3,0.09,0.135,0.191,0,28.35
"BABYFOOD,CRL,MXD,W/ APPLSAUC & BANANAS,JR,FORT",79.6,84,0.71,0.51,0.4,18.79,1,11.1,91,6.81,7,29,111,5,1.01,0.055,,2.6,15.9,0.126,0.156,2.02,0.195,0.101,25,25,0,43,3.5,0.51,0,0,0,0,0,0,0,10,0.68,0,0,0.3,0.072,0.108,0.152,0,28.35
"BABYFOOD,CRL,OATMEAL,DRY FORT",4.56,394,10.99,6.36,4.6,73.48,7.3,11.67,1160,64.1,110,506,549,21,12.68,0.419,3.894,23.4,0,1.431,1.586,21.348,1.871,0.853,247,212,35,396,27,4.6,16,0,0,0,0,0,0,185,12.23,12.7,510,1.4,0.841,1.564,1.748,0,3.2
"BABYFOOD,CRL,OATMEAL,W/ BANANAS,DRY",4.7,399,6.67,6.67,3.9,78.07,5.2,26.66,800,45,118,267,600,33,1.9,0.391,,20.5,58.3,0.833,1,13,,0.66,167,132,35,259,28.7,3.33,0,0,0,0,0,0,0,157,5,0,0,3,1.267,1.429,2.186,0,15
"BABYFOOD,CRL,OATMEAL,W/ APPLSAUC & BANANAS,STR",82.2,75,0.89,0.89,0.4,15.62,0.9,8.85,6,7.5,11,41,97,4,7.5,0.073,,3,13.9,0.111,0.133,1.77,0.227,0.089,22,22,0,38,4.1,0,0,0,0,0,0,0,0,90,0.59,0,0,2.2,0.125,0.216,0.253,0,28.35
"BABYFOOD,CRL,OATMEAL,W/ APPLSAUC & BANANAS,JR,FORT",81.8,76,0.89,0.89,0.4,16.03,0.9,8.85,6,7.5,11,41,97,4,7.5,0.075,,3,13.9,0.111,0.133,1.77,0.227,0.089,22,22,0,38,4.1,0.44,0,0,0,0,0,0,0,17,0.59,0,0,0.6,0.126,0.216,0.253,0,28.35
"BABYFOOD,CRL,OATMEAL,W/HONEY,DRY",5.8,391,13.5,7,4.4,69.3,,,1154,67.23,146,733,259,47,3.7,0.529,,36.4,0,2.771,2.842,36.292,1.54,0.154,35,0,35,35,,0,23,1,0,,,,,,,,,,,,,,2.4
"BABYFOOD,CRL,RICE,DRY,FORT",5.13,390,6.65,2.19,2.89,83.14,1.3,4.85,860,53.01,37,273,281,32,10.92,0.231,1.402,5,2.4,1.195,1.459,23.006,1.601,0.885,230,206,24,375,20.9,4.6,0,0,0,0,0,0,0,0,5,8.5,341,0.5,0.234,0.42,0.784,0,2.5
"BABYFOOD,CRL,RICE,W/ APPLSAUC & BANANAS,STR",81,80,1.2,0.4,0.3,17.1,1,2.24,17,6.73,3,12,28,4,0.08,0.051,,2.1,31.6,0.26,0.422,4.017,,0.234,3,0,3,3,1.9,0,21,1,0,0,9,7,0,4,0.04,0,0,0.2,0.114,0.104,0.102,0,16
"BABYFOOD,CRL,W/EGG YOLKS,STR",88.8,51,1.9,1.8,0.5,7,0.9,,24,0.47,3,40,39,33,0.29,0.022,,,0.7,0.009,0.044,0.049,0.878,0.021,3,0,3,3,,0.07,141,40,39,,,,,,,,,,0.61,0.79,0.3,63,28.35
"BABYFOOD,CRL,W/EGG YOLKS,JR",88.7,52,1.9,1.8,0.4,7.1,0.9,,24,0.51,3,40,35,33,0.29,0.022,,,0.7,0.008,0.045,0.048,0.878,0.02,3,0,3,3,,0.06,144,41,40,,,,,,,,,,0.61,0.79,0.3,63,28.35
"BABYFOOD,CRL,W/EGGS,STR",87.2,58,2.2,1.5,0.6,8,,,27,0.54,3,46,44,38,0.33,0.025,,,0.8,0.01,0.05,0.056,1.003,0.024,9,0,9,9,,0.08,161,,,,,,,,,,,,0.49,0.61,0.33,51,28.35
"BABYFOOD,CRL,EGG YOLKS&BACON,JR",85.9,79,2.5,5,0.4,6.2,0.9,,28,0.47,5,50,35,48,0.27,0.02,,,0.9,0.05,0.077,0.266,1.105,0.026,4,0,4,4,,0.09,94,28,28,,,,,,,,,,1.64,2.207,0.641,94,28.35
"BABYFOOD,OATMEAL CRL W/ FRUIT,DRY,INST,TODD FORT",5.4,402,10.5,7.05,2.95,74.1,7.8,11.09,286,14.3,107,429,346,0,5.7,0.34,2.8,20.5,2.7,0.75,0.86,9.6,,0.38,234,199,35,374,31.6,0,89,4,0,12,41,13,0,32,2.48,0,0,7.5,1.572,3.008,2.29,0,5.3
"BABYFOOD,COOKIE,BABY,FRUIT",5.7,435,6.8,12.6,1.2,73.7,3.4,24.2,83,2.9,30,189,425,9,0.8,0.04,0.22,20.5,1.5,0.44,0.42,3.6,0.389,0.21,110,82,28,167,12,0.22,2348,117,0,810,1002,2,0,175,1.48,0,0,3.2,2.7,4.865,4.334,4,8
"BABYFOOD,CRACKERS,VEG",2,477,8.4,19.6,3.15,66.85,4,13,41,4.2,37,198,245,571,0.9,0.13,0.77,13.7,50.5,0.35,0.33,4.05,0.466,0.12,86,70,16,135,10.4,0,3571,179,0,739,1760,27,0,65,8.05,0,0,7.1,1.966,15.779,1.022,0,0.7
"BABYFOOD,CRL,HI PROT,W/APPL&ORANGE,DRY",5.3,374,25.4,6.5,5.2,57.6,7.1,,751,47.5,159,539,1330,104,2.7,0.964,,28.3,3.1,3.79,4.33,23.83,,0.351,190,0,190,190,,0.3,54,3,0,,,,,,,,,,0.96,1.231,3.429,0,2.4
"BABYFOOD,CRL,RICE,W/ BANANAS,DRY",4.7,404,8.7,4.2,2.5,79.9,1,16.7,691,47.5,141,410,769,0,1.5,0.254,,11.6,2,3.97,3.8,23.32,,0.686,12,0,12,12,25.8,0,29,1,0,11,12,0,0,39,0.37,0,0,3.8,0.978,0.986,1.503,0,2.5
"BABYFOOD,COOKIES",5.9,433,11.8,13.2,2,67.1,0.2,24.2,101,4.18,49,179,501,300,1.1,0.074,0.348,17.2,7,1.459,3.229,15.966,0.529,5.899,93,74,19,145,28.3,0.46,23,6,6,0,1,0,0,9,0.46,0,0,1.1,2.352,5.99,2.878,12,28.35
"BABYFOOD,COOKIES,ARROWROOT",5.6,424,7.6,10,1.4,75.4,0.2,,32,3,22,116,156,319,0.53,0.074,,17.2,5.5,0.499,0.429,5.739,0.531,0.04,35,25,10,53,,0.07,0,0,,,,,0,0,3.86,0,0,0.5,1.048,7.922,0.591,0,28.35
"BABYFOOD,PRETZELS",4,397,10.8,2,1,82.2,2.3,3.08,25,3.77,28,110,137,269,0.78,0.145,,7.6,3.8,0.463,0.357,3.56,0.54,0.083,85,65,20,131,0,0,8,0,0,1,4,1,0,72,0.28,0,0,0.3,0.4,0.238,1.054,0,28.35
"BABYFOOD,TEETHING BISCUITS",6.4,392,10.7,4.2,2.3,76.4,1.4,12.65,263,3.55,35,164,323,285,0.93,0.142,,23.5,9.1,0.233,0.537,4.33,0.526,0.111,49,29,20,69,33.8,0.07,116,28,27,6,13,0,0,169,1.1,0.5,21,0.5,1.206,1.702,0.998,7,28.35
"BABYFOOD,DSSRT,DUTCH APPL,STR",79.5,75,0.2,0.4,0.16,19.74,1.4,17.89,5,0.2,2,3,33,0,0.01,0.059,,0.2,21.4,0.011,0.013,0.048,,0.011,1,0,1,1,2.5,0,49,2,0,0,21,16,0,15,0.04,0,0,0.5,0.19,0.08,0.01,0,28.35
"BABYFOOD,DSSRT,DUTCH APPL,JR",80.32,79,0.2,0.16,0.14,19.18,1.4,17.89,3,0.11,4,7,67,3,0.03,0.03,0.02,0.2,18,0.01,0.012,0.048,0.017,0.017,0,0,0,0,2.5,0,18,1,0,0,8,6,0,11,0.04,0,0,0.5,0.025,0.006,0.045,0,28.35
"BABYFOOD,CHERRY COBBLER,JR",79.8,78,0.3,0.1,0.19,19.2,0.2,10.39,5,0.1,2,6,45,0,0.05,0.01,0.02,0.9,9.3,0.01,0.01,0.06,0.043,0.02,2,0,2,2,1.5,0,31,2,0,0,19,0,0,20,0.03,0,0,0.5,0.02,0.02,0.03,0,28.35
"BABYFOOD,DSSRT,CHERRY VANILLA PUDD,STR",81.5,68,0.2,0.3,0.2,17.8,0.3,9.15,5,0.19,2,7,34,0,0.04,0.05,,0.6,1.1,0.008,0.011,0.038,,0.011,0,0,0,0,4.7,0.01,261,18,6,0,145,0,0,9,0.01,0,1,0.2,0.087,0.105,0.053,10,28.35
"BABYFOOD,DSSRT,CHERRY VANILLA PUDD,JR",81,69,0.2,0.2,0.2,18.4,0.3,16.98,5,0.17,2,7,33,0,0.03,0.051,,0.6,1.1,0.007,0.011,0.038,,0.012,0,0,0,0,4.7,0.01,261,18,6,0,145,0,0,9,0.01,0,1,0.2,0.058,0.07,0.036,10,28.35
"BABYFOOD,DSSRT,FRUIT PUDD,ORANGE,STR",79.8,80,1.1,0.9,0.6,17.7,0.6,,32,0.1,5,28,86,20,0.17,0.05,,0.6,9.1,0.04,0.057,0.119,0.251,0.027,8,0,8,8,,0.01,115,6,0,,,,,,,,,,0.545,0.257,0.038,3,28.35
"BABYFOOD,DSSRT,PEACH COBBLER,STR",81.8,65,0.3,0,0.24,17.8,0.7,10.62,4,0.1,2,5,54,7,0.3,0.19,,1,20.5,0.009,0.014,0.259,,0.007,2,0,2,2,1.1,0,138,7,0,0,69,28,0,39,0.31,0,0,1.1,0,0,0,0,15
"BABYFOOD,DSSRT,PEACH COBBLER,JR",81.2,67,0.3,0,0.24,18.3,0.7,11.89,4,0.1,2,6,56,0,0.03,0.196,,1,20.5,0.01,0.015,0.259,,0.007,3,1,2,4,1.1,0,138,7,0,0,68,28,0,39,0.31,0,0,1.1,0,0,0,0,15
"BABYFOOD,DSSRT,PEACH MELBA,STR",82.9,60,0.2,0,0.3,16.5,,,10,0.33,2,5,83,9,0.28,0.178,,,31.4,0.006,0.036,0.343,,0.006,2,,2,,,0,184,56,,,,,,,,,,,,,,,28.35
"BABYFOOD,DSSRT,PEACH MELBA,JR",83,60,0.3,0,0.4,16.4,,,11,0.3,2,5,93,9,0.28,0.177,,,26,0.007,0.03,0.272,,0.006,2,,2,,,0,196,26,,,,,,,,,,,,,,,28.35
"BABYFOOD,DSSRT,FRUIT PUDD,PNAPPL,STR",77.6,81,1.3,0.3,0.5,20.3,0.7,10.28,31,0.18,9,31,81,0,0.2,0.023,,1.2,27.2,0.038,0.046,0.107,0.192,0.04,5,0,5,5,5.4,0.06,37,11,11,0,0,0,0,0,0,0,0,0,0.099,0.109,0.041,0,15
"BABYFOOD,DSSRT,FRUIT DSSRT,WO/VIT C,STR",83.4,59,0.3,0,0.3,16,0.6,12.6,9,0.22,5,7,94,0,0.04,0.03,,0.4,2.5,0.016,0.009,0.143,0.104,0.037,3,0,3,3,4.5,0,132,7,0,2,64,27,0,43,0.29,0,0,1.5,0,0,0,0,15
"BABYFOOD,DSSRT,FRUIT DSSRT,WO/VIT C,JR",82.2,63,0.3,0,0.3,17.2,0.6,12,9,0.21,5,8,95,0,0.05,0.03,,0.4,3,0.021,0.012,0.144,0.1,0.033,4,0,4,4,4.5,0,132,7,0,2,64,27,0,43,0.29,0,0,1.5,0,0,0,0,15
"BABYFOOD,DSSRT,TROPICAL FRUIT,JR",83.2,60,0.2,0,0.2,16.4,,,10,0.26,5,8,58,7,0.05,0.028,,0.4,18.8,0.011,0.031,0.08,0.094,0.031,3,0,3,3,,0,20,1,0,,,,,,,,,,,,,,28.35
"BABYFOOD,DSSRT,CUSTARD PUDD,VANILLA,STR",79.9,85,1.6,2,0.5,16,0,11.5,55,0.24,5,45,66,0,0.28,0.05,,2.4,0.8,0.012,0.08,0.04,0.25,0.02,6,0,6,6,29.9,0.01,64,18,18,1,2,1,0,39,0.23,0.5,21,0,1.01,0.68,0.16,8,229
"BABYFOOD,DSSRT,CUSTARD PUDD,VANILLA,JR",79.31,86,1.76,0.98,0.37,17.58,0.2,12.2,54,0.22,5,55,68,26,0.3,0.01,0.01,2.4,0.4,0.012,0.054,0.076,0.232,0.03,6,0,6,6,29.9,0.23,47,13,13,1,1,1,0,39,0.09,0.5,19,0,0.325,0.364,0.128,38,229
"BABYFOOD,JUC,APPL&GRAPE",88.1,46,0.1,0.2,0.26,11.34,0.1,10.9,6,0.39,6,5,90,0,0.04,0.078,,0.1,31.5,0.007,0.021,0.109,0.075,0.034,1,0,1,1,1.9,0,4,0,0,0,2,0,0,0,0,0,0,0,0.04,0.009,0.059,0,31.2
"BABYFOOD,JUC,FRUIT PUNCH,W/CA",86.5,52,0.2,0.1,0.52,12.7,0.4,10.6,64,0.3,7,11,86,4,0.04,0.02,0.09,0.1,21.2,0.01,0.02,0.1,0.056,0.05,1,0,1,1,2.2,0,3,0,0,0,2,0,0,21,0.01,0,0,0.1,0.02,0.004,0.029,0,31.2
"BABYFOOD,JUC,APPL&CHERRY",89.5,41,0.1,0.2,0.3,9.9,0.1,8.98,5,0.66,3,6,98,0,0.03,0.043,,0.1,58.3,0.008,0.015,0.094,0.102,0.031,0,0,0,0,2.4,0,5,0,0,0,3,0,0,26,0.02,0,0,0.4,0.035,0.011,0.06,0,31.2
"BABYFOOD,JUC,APPL,W/CA",88.3,46,0.06,0.1,0.48,11.1,0.4,9,127,0.2,6,8,92,3,0.03,0.01,0.29,0.1,21.2,0.02,0.02,0.08,0.06,0.03,0,0,0,0,1.8,0,0,0,0,0,0,0,0,0,0,0,0,0,0.018,0.005,0.032,0,189
"BABYFOOD,DINNER,VEG&CHICK,JR",87.76,53,2.04,1.12,0.42,8.66,1.1,1.46,27,0.33,8,32,83,34,0.3,0.02,0.11,2.1,0.2,0.025,0.046,0.628,0.127,0.046,3,0,3,3,9.4,0.02,2612,131,0,592,1270,0,0,36,0.16,0,2,2.1,0.302,0.402,0.269,7,256
"BABYFOOD,DINNER,MXD VEG,STR",88.7,41,1.2,0.1,0.5,9.5,,,22,0.33,11,24,121,38,0.16,0.044,,0.7,2.8,0.015,0.031,0.502,0.277,0.075,8,0,8,8,,0,2728,136,0,,,,,,,,,,,,,,28.35
"BABYFOOD,DINNER,MXD VEG,JR",90.6,34,1.01,0.11,0.4,7.88,1,3.08,17,0.31,13,30,112,40,0.24,0.036,0.144,0.3,3.3,0.014,0.042,0.566,0.348,0.114,11,0,11,11,7.9,0,9246,462,0,1117,4989,0,0,178,0.3,0,0,5.7,0,0,0,0,99
"BABYFOOD,FRUIT,BANANAS W/TAPIOCA,JR",81.5,67,0.4,0.2,0.2,17.8,1.6,7.1,8,0.3,12,9,108,0,0.07,0.046,,0.6,25.7,0.015,0.02,0.218,0.173,0.139,6,0,6,6,3.1,0,44,2,0,17,18,0,0,6,0.6,0,0,0.2,0.076,0.018,0.037,0,15
"BABYFOOD,VEG,MIX VEG JR",89.4,36,1.4,0.4,0.6,8.2,1.5,1.78,11,0.41,11,25,170,36,0.27,0.041,,0.7,2.5,0.029,0.032,0.665,0.259,0.081,4,0,4,4,9.7,0,4195,210,0,915,2060,0,0,497,0.52,0,0,7.4,0.079,0.025,0.186,0,99
"BABYFOOD,VEG,GARDEN VEG,STR",90,32,2.3,0.2,0.7,6.8,1.5,2.57,28,0.83,21,28,168,31,0.26,0.07,,0.7,5.7,0.061,0.069,0.779,0.26,0.1,40,0,40,40,13.4,0,6067,303,0,740,3270,0,0,1374,0.52,0,0,24.5,0.035,0.011,0.09,0,28.35
"BABYFOOD,VEG,MIX VEG STR",89.8,36,1,0.5,0.45,8.25,1.5,1.57,13,0.32,10,22,127,0,0.15,0.04,,0.7,1.7,0.022,0.025,0.327,0.25,0.055,4,0,4,4,9.8,0,3166,158,0,699,1550,0,0,381,0.24,0,0,7,0.089,0.118,0.194,0,28.35
"BABYFOOD,DINNER,BF NOODLE,JR",87.8,57,2.5,1.9,0.5,7.3,1.1,1.45,8,0.43,7,30,46,26,0.4,0.032,,5.7,1.4,0.028,0.036,0.582,0.23,0.031,12,7,6,17,12.1,0.1,656,33,0,146,320,0,1030,163,0.47,0,1,4.6,0.766,0.838,0.094,8,16
"BABYFOOD,APPLS W/HAM,STR",85.3,62,2.6,0.9,0.3,10.9,1.8,7.98,4,0.3,7,34,120,9,0.4,0.04,0.02,4.6,0.1,0.06,0.06,0.73,0.097,0.07,2,0,2,2,11.8,0.02,6,0,0,0,3,2,0,14,0.07,0.1,3,0.5,0.25,0.36,0.111,8,15
"BABYFOOD,CARROTS&BF,STR",87.3,59,3.4,2.5,0.7,5.7,2.6,2.04,22,0.5,13,45,226,69,0.8,0.054,0.14,2.8,0.8,0.02,0.06,0.93,,0.1,17,0,17,17,15.9,0.3,14452,723,0,3716,6813,0,1,139,0.65,0,1,7.4,0.96,1.06,0.13,8,15
"BABYFOOD,PLUMS,BANANAS&RICE,STR",85.6,57,1.1,0.3,0.43,12.7,1.3,9.3,3,0,11,32,265,0,0.13,0.054,,2.4,12.3,0.04,0.05,0.8,,0.13,6,0,6,6,3.4,0,133,7,0,0,73,13,0,65,0.24,0,0,5.7,0.06,0.12,0.07,0,28.35
"BABYFOOD,TURKEY,RICE&VEG,TODD",86.3,60,3.8,1.6,0.8,7.5,0.8,1.12,11,0.4,14,63,107,183,0.61,0.1,0.23,3.3,0.3,0.07,0.07,2.11,0.264,0.13,3,0,3,3,13.7,0.1,2268,113,0,489,1116,0,1175,137,0.15,0,2,2.5,0.5,0.555,0.309,7,28.35
"BABYFOOD,DINNER,APPLS&CHICK,STR",85.4,65,2.16,1.38,0.18,10.88,1.8,6.06,18,0.38,6,32,95,12,0.36,0.04,0.03,2.5,0.2,0.02,0.057,0.577,0.098,0.083,1,0,1,1,9.1,0.02,30,2,0,0,13,10,0,16,0.07,0,1,0.6,0.347,0.411,0.35,5,28.35
"BABYFOOD,DINNER,BROCCOLI & CHICK,JR",86.92,62,3.59,2.48,0.67,6.34,1.4,1.43,37,0.52,12,58,170,17,0.39,0.03,0.12,2.2,17.7,0.019,0.098,0.964,0.273,0.052,69,10,59,76,31.1,0.33,474,24,1,9,278,0,0,511,0.6,0,1,73.5,0.51,0.77,0.43,13,29
"BABYFOOD,SNACK,GERBER,GRADUATES,YOGURT MELTS",6,380,14.29,4,3.89,71.82,2.3,57.14,457,0,53,382,714,286,1.77,0.092,0.077,11.8,57.1,0.113,0.817,3.301,1.47,0.168,55,0,55,55,78,1.7,1396,107,45,0,686,122,0,294,6.43,0.1,3,12.2,2.236,0.968,0.194,0,7
"BABYFOOD,DINNER,SWT POTATOES&CHICK,STR",83.7,74,2.51,2.17,0.58,11.04,1.3,2.65,30,0.45,13,25,200,22,0.37,0.081,0.153,1.7,0,0.02,0.04,1.04,0.329,0.137,6,0,6,6,11.8,0.05,4318,216,1,0,2590,0,0,0,0.58,0.1,4,1.3,0.572,0.98,0.48,11,16
"BABYFOOD,DINNER,POTATOES W/CHS&HAM,TODD",81.5,78,3.5,2,1.03,11.97,1.2,0.8,53,0.4,14,108,143,205,0.6,0.06,0.018,5.5,0.1,0.05,0.1,1.06,0.345,0.16,6,0,6,6,15.4,0.07,31,8,8,0,3,0,0,5,0.02,0,1,1.3,1.1,0.733,0.163,6,28.35
"BABYFOOD,CRL,BARLEY,PREP W/WHL MILK",82.19,84,3.73,3.26,0.87,9.94,0.6,5.1,162,3.49,18,110,151,43,0.57,0.057,0.004,5.6,0.2,0.242,0.353,2.707,0.384,0.06,7,0,7,7,16.6,0.42,150,43,42,0,6,0,0,12,0.43,1.2,47,0.4,1.76,0.802,0.309,10,28.35
"BABYFOOD,CRL,HI PROT,PREP W/WHL MILK",74.5,111,8.7,3.8,1.5,11.6,,,218,12.14,48,177,349,49,1.04,0.217,,,,0.47,0.579,5.668,0.465,0.113,35,0,35,35,,0.3,105,,,,,,,,,,,,,,,,28.35
"BABYFOOD,CRL,MXD,PREP W/WHL MILK",79.21,96,4.14,3.38,0.96,12.3,0.8,4.78,220,10.43,20,118,166,42,0.59,0.059,0.004,6.1,0.3,0.308,0.448,3.88,0.45,0.053,9,0,9,9,15.3,0.4,146,41,40,1,7,0,0,16,0.47,1.1,45,0.4,1.745,0.855,0.359,9,28.35
"BABYFOOD,CRL,MXD,W/BANANAS,PREP W/WHL MILK",81.81,86,3.82,3.46,0.92,10,0.4,5.9,153,3.63,18,111,178,48,0.49,0.053,0.004,4.9,0.4,0.315,0.437,1.605,0.345,0.065,6,0,6,6,15.4,0.43,155,43,42,2,8,0,0,12,0.44,1.2,47,0.5,1.808,0.859,0.342,10,28.35
"BABYFOOD,CRL,OATMEAL,PREP W/WHL MILK",74.5,116,5,4.1,1.1,15.3,1.1,,220,12.14,35,160,204,46,0.92,0.094,,,1.3,0.506,0.563,5.981,0.514,0.06,10,0,10,10,,0.3,105,22,19,,,,,,,,,,2.258,,,11,28.35
"BABYFOOD,CRL,OATMEAL,W/BANANAS,PREP W/WHL MILK",81.81,86,3.82,3.46,0.92,10,0.4,5.9,153,3.63,18,111,178,48,0.49,0.053,0.004,4.9,0.4,0.315,0.437,1.605,0.345,0.104,6,0,6,6,15.4,0.43,155,43,42,2,8,0,0,12,0.44,1.2,47,0.5,1.82,0.859,0.345,10,28.35
"BABYFOOD,CRL,OATMEAL,W/HONEY,PREP W/WHL MILK",74.5,115,5,3.9,1.3,15.3,,,289,11.09,35,198,170,49,0.93,0.095,,,,0.487,0.602,6.034,0.514,0.06,10,0,10,10,,0.3,,,,,,,,,,,,,,,,,28.35
"BABYFOOD,CRL,RICE,PREP W/WHL MILK",81.96,85,3.45,3.38,0.89,10.31,0,4.87,168,3.63,25,122,151,42,0.49,0.048,0.004,4.3,0.2,0.243,0.324,2.449,0.345,0.069,6,0,6,6,14.6,0.41,150,42,42,0,6,0,0,0,0.44,1.2,47,0.2,1.793,0.846,0.333,10,28.35
"BABYFOOD,CRL,RICE,W/HONEY,PREP W/WHL MILK",74.4,115,3.9,3.3,1.3,17.1,,,291,10.81,45,181,141,49,0.65,0.063,,,0,0.476,0.608,6.083,,0.115,8,0,8,8,,0.3,108,21,19,,27,,,,,,,,,,,,28.35
"BABYFOOD,CRL,MXD,W/HONEY,PREP W/WHL MILK",74.2,115,5,3.6,1.2,15.9,,,294,11.27,28,184,171,48,0.72,0.064,,,,0.447,0.583,6.26,0.443,0.067,11,0,11,11,,0.3,,,,,,,,,,,,,,,,,28.35
"BABYFOOD,CRL,HI PROT,W/APPL&ORANGE,PREP W/WHL MILK",74.4,112,6.9,3.9,1.5,13.4,,,223,14.42,37,166,346,58,0.76,0.166,,,,0.655,0.847,3.987,,0.092,28,0,28,28,,0.35,,,,,,,,,,,,,,,,,28.35
"BABYFOOD,CRL,RICE,W/BANANAS,PREP W/WHL MILK",81.81,86,3.57,3.32,0.81,10.49,0.1,6.13,156,3.63,20,109,180,47,0.46,0.042,0.004,4.3,0.2,0.684,0.444,1.849,0.345,0.085,6,0,6,6,15.2,0.43,152,43,42,1,7,0,0,3,0.09,1.2,47,0.5,1.798,0.826,0.294,10,28.35
"BABYFOOD,CORN & SWT POTATOES,STR",82.62,68,1.26,0.28,0.61,15.23,1.8,4,18,0.31,10,29,154,14,0.19,0.051,0,1.1,5,0.018,0.041,0.444,0.323,0.06,14,0,14,14,10.2,0.01,2496,126,1,12,1488,3,0,215,0.51,0,0,0.6,0.053,0.071,0.123,1,28.35
"BABYFOOD,YOG,WHL MILK,W/ FRUIT,MULTIG CRL & ADD DHA FORT",79.16,98,3.4,3.53,0.69,13.22,0.3,11.46,107,0.15,15,95,149,41,0.59,0.023,0.101,2.8,1.4,0.047,0.129,0.119,0.354,0.034,8,0,8,8,14.2,0.32,86,24,23,0,5,0,0,6,0.07,0.1,3,0.3,1.84,0.916,0.367,14,31
"BABYFOOD,MSHD CHEDDAR POTATOES&BROCCOLI,TODDLER",88.97,48,1.11,1.47,0.98,7.47,1.2,1.17,20,0.16,8,24,118,176,0.16,0.06,0.056,0.5,1.5,0.03,0.02,0.419,0.194,0.089,6,0,6,6,5.8,0.01,84,13,11,2,28,0,0,98,0.09,0,0,8.1,0.875,0.37,0.092,4,170
"BABYFOOD,FORT CRL BAR,FRUIT FILLING",14,344,5.43,5.3,6.64,68.63,1.7,42,1053,13.16,19,247,180,157,0.59,0.082,0.461,14.1,2.4,0.921,1.053,11.842,0.345,1.105,65,48,17,98,13.9,0.19,277,14,0,0,166,0,0,33,0.9,0,0,4.1,0.453,3.107,1.541,1,19
"BABYFOOD,YOGU,WHL MILK,W/ FRUI,MULTIGRA CRL & ADD IRON FORT",80.21,92,3.05,3.08,0.65,13,0.6,11.46,98,4.18,15,86,143,38,0.54,0.031,0.064,2.4,3.6,0.048,0.12,0.119,0.333,0.036,7,0,7,7,13.4,0.29,82,22,21,0,7,1,0,13,0.09,0,2,0.9,1.582,0.74,0.405,10,16
"BABYFOOD,BABY MUM MUM RICE BISCUITS",2.42,391,12.5,0.87,0.99,83.21,0,12.5,0,0,47,127,504,313,0.65,0.156,0.732,8,0,0.174,0.037,2.896,0.623,0.571,14,0,14,14,21.3,0,1,0,0,0,0,0,0,0,0.17,0,0,0,0.238,0.224,0.255,0,8
"BABYFOOD,GERBER,BANANA W/ ORANGE MEDLEY",77.91,86,1.06,0,0.62,20.41,2.1,14.27,0,0.23,18,19,265,10,0.12,0.099,0.156,0.7,24.5,0.033,0.057,0.654,0.265,0.232,31,0,31,31,8.8,0,557,28,0,15,322,8,1,28,0.49,0,0,2.3,0,0,0,0,
"BABYFOOD,FINGER SNACKS,GERB,GRADUAT,LIL CRUNCHI - MILD CHEDD",1.64,513,8.26,27.76,4.73,57.61,5.2,1.6,789,24.15,85,661,244,623,25.43,0.124,0.448,10.1,0,0.117,0.173,1.523,0.34,0.428,20,0,20,20,15.8,0.7,88,4,0,7,31,37,0,660,14.67,0,0,1.4,5.2,7.093,11.678,0,
"BABYFOOD,BANANA JUC W/LOFAT YOGURT",78.5,89,2.5,0.8,0.66,17.54,0.4,13.28,79,0.2,10,65,160,37,0.14,0.03,,1.6,33.9,0.03,0.1,0.27,,0.12,6,0,6,6,11.4,0.43,28,6,5,3,5,0,0,16,0.05,0,1,0.4,0.517,0.219,0.022,3,31.5
"BABYFOOD,MXD FRUIT JUC W/LOFAT YOGURT",81.5,76,2.4,0.8,0.62,14.68,0.4,10.8,81,0.2,10,60,137,36,0.14,0.03,,1.3,33.9,0.04,0.1,0.16,,0.05,6,0,6,6,8.2,0.43,28,5,5,0,3,8,0,18,0.03,0,1,0.2,0.517,0.219,0.022,3,31.5
"BABYFOOD,APPL YOGURT DSSRT,STR",77.9,96,0.8,1.6,0.2,19.5,0.5,12.02,6,0,15,31,70,20,0.28,0.05,,0.7,35.1,1.56,0.05,0,,0.02,9,0,9,9,5.4,0.5,24,3,2,0,7,5,0,7,0.02,0,0,0.2,1.034,0.438,0.044,6,15
"BABYFOOD,JUC,APPLE-SWEET POTATO",87.9,48,0.3,0.1,0.29,11.4,0.5,9.6,15,0.3,7,14,137,5,0.08,0.032,,0.1,34.1,0.01,0.03,0.1,,0.07,3,0,3,3,4.9,0,3081,154,0,0,1849,0,0,6,0.34,0,0,0.7,0.03,0.01,0.05,0,30.8
"BABYFOOD,JUC,ORANGE-CARROT",89.1,43,0.5,0.1,0.25,9.9,0.4,8.4,16,0.2,10,19,174,10,0.07,0.044,,0.1,34.1,0.06,0.05,0.21,,0.05,39,0,39,39,6.5,0,1880,94,0,395,863,135,0,135,0.29,0,0,1.5,0.01,0.01,0.03,0,30.8
"BABYFOOD,VEG&BROWN RICE,STR",84.1,69,1.9,1.5,0.43,12.1,1.1,2.39,14,0.4,15,33,135,14,0.22,0.08,,1.2,0.3,0.05,0.05,1.1,,0.05,16,0,16,16,15.2,0,150,8,0,33,73,0,1,550,0.15,0,0,13.4,0.14,0.97,0.32,0,230
"BABYFOOD,PEAS&BROWN RICE",84.1,64,3.4,0.5,0.51,11.49,2.5,2.89,14,1.5,25,52,93,6,0.46,0.08,,1.2,3,0.1,0.08,1.4,,0.06,16,0,16,16,14.7,0,390,19,0,11,228,0,0,1261,0.07,0,0,12.6,0.1,0.18,0.18,0,230
"BABYFOOD,BKD PRODUCT,FINGER SNACKS CRL FORT",3.7,421,6.4,9.9,3.32,76.68,2.3,28,400,22.5,27,709,114,214,4,0.22,,37.5,10,1.4,1.6,11.25,,0.05,114,95,18,180,22.9,0,0,0,0,0,0,0,0,11,3.9,0,0,15,1.646,3.13,3.638,0,1.7
"BABYFOOD,CRL,BROWN RICE,DRY,INST",1,406,8.7,3,1.32,85.98,6.5,0.72,55,47.6,28,272,386,12,0,0.368,,23.4,0,0.93,0.17,16,,0.98,15,0,15,15,33.4,0,0,0,0,0,0,0,0,0,0.65,0,0,0.7,0.61,1.085,1.072,0,3.7
"BABYFOOD,GRN BNS&TURKEY,STR",87.5,51,4.1,1.5,1.55,5.35,1.4,1.39,31,0.7,22,56,188,11,0.6,0.048,,3.2,2.2,0.03,0.11,1.14,,0.08,29,0,29,29,,0.25,629,31,0,0,377,0,0,637,0.45,,,14.8,0.5,0.27,0.42,11,14
"BABYFOOD,CARROTS,TODDLER",93.5,26,0.6,0.3,0.37,5.23,2.3,2.5,19,0.2,6,21,129,48,0.2,0.081,,0.8,0.7,0.02,0.03,0.25,,0.05,7,0,7,7,5,0,14710,736,0,3340,7156,0,1,167,0.59,0,0,7.9,0.052,0.012,0.148,0,28.35
"BABYFOOD,DSSRT,BANANA PUDD,STR",83.5,68,1,0.8,0.56,14.14,0.8,10.55,11,0.3,5,34,90,54,0.12,0.04,,1.1,12,0.01,0.06,0.16,,0.13,6,0,6,6,10.7,0.01,19,1,0,7,8,0,0,19,0.07,0.1,5,0.2,0.264,0.277,0.111,29,15
"BABYFOOD,FRUIT,TUTTI FRUTTI,STR",83.5,66,0.4,0.3,0.32,15.48,0.6,9.29,15,0.2,4,17,46,25,0.8,0.02,,0.4,12.4,0.02,0.02,0.1,,0.02,3,0,3,3,3.1,0.01,133,7,0,1,35,89,0,21,0.11,0,0,0.4,0.087,0.113,0.043,15,15
"BABYFOOD,FRUIT,TUTTI FRUTTI,JR",82.9,69,0.4,0.4,0.3,16,0.4,9.41,14,0.3,4,28,47,17,0.19,0.2,,0.4,7.2,0.03,0.02,0.08,,0.02,3,0,3,3,3.5,0.01,199,10,0,1,52,134,0,25,0.15,0,0,0.6,0.11,0.148,0.061,15,15
"BABYFOOD,DINNER,CHICK&RICE",88,51,1.6,0.9,0.3,9.2,1.1,0.55,18,0.2,8,20,60,25,0.25,0.025,,3,1,0.01,0.02,0.3,,0.03,3,0,3,3,6.7,0.1,1170,58,0,260,571,0,0,105,0.11,0,1,1.8,0.211,0.392,0.188,10,16
"BABYFOOD,DINNER,CHICK&NOODLE W/VEG,TODD",85.3,66,3.8,1.7,0.31,8.89,0.6,0.82,11,0.4,10,42,95,194,0.41,0.02,,3.7,1.7,0.04,0.05,1.23,,0.06,9,4,5,12,11.2,0.14,1950,98,1,431,952,0,0,211,0.19,0,2,3.3,0.461,0.632,0.392,28,16
"BABYFOOD,JUICE,PEAR",87.9,47,0,0,0.24,11.86,0.1,7.28,12,0,8,12,130,8,0.08,0.065,,0.4,33.8,0.01,0.03,0.3,,0.01,4,0,4,4,2.6,0,0,0,0,0,0,0,0,0,0.09,0,0,3.4,0,0,0,0,31.2
"BABYFOOD,MEAT,BF W/ VEG,TODD",85.23,68,3.5,2.1,0.46,8.72,1.8,1.18,11,0.5,11,37,168,26,0.87,0.08,,2.2,2.5,0.02,0.04,0.71,,0.07,6,0,6,6,15.1,0.51,1140,57,0,231,569,0,1706,171,0.37,0,0,3.2,0.847,0.92,0.108,12,179
"BABYFOOD,DINNER,MACARONI,BF&TOMATO SAU,TODD",81.81,81,4.34,1.9,0.43,11.53,1.1,0.37,12,0.8,15,49,148,35,0.48,0.02,,1.8,1.9,0.06,0.06,1.34,,0.09,10,6,4,14,14.1,0.23,60,3,0,0,36,0,333,11,0.09,0,1,0.4,0.705,0.782,0.14,7,16
"BABYFOOD,MXD FRUIT YOGURT,STR",81.8,75,0.8,0.8,0.37,16.23,0.4,11.74,28,0.2,4,22,62,16,0.11,0.02,,0.8,11.7,0.02,0.05,0.14,,0.04,2,0,2,2,4.5,0,67,5,2,1,28,14,0,19,0.13,0,0,0.5,0.517,0.219,0.022,0,15
"BABYFOOD,RICE&APPLS,DRY",3.2,396,6.7,2.4,0.81,86.89,3,3.22,850,37,15,423,410,16,1.4,0.373,,11.6,0,1.3,1.5,20,,0.09,19,0,19,19,10.1,0,8,0,0,0,4,3,0,8,0.22,0,0,1.5,0.503,0.615,0.92,0,2.5
"BABYFOOD,JUC,APPL - CHERRY",88.2,47,0.2,0.1,0.36,11.2,0.3,10.5,7,0.35,3,12,110,4,0.03,0.02,,0.1,32.1,0.01,0.02,0.11,,0.03,0,0,0,0,1.9,0,18,1,0,0,11,0,0,21,0.02,0,0,0.2,0.02,0,0.03,0,31.2
"BABYFOOD,DSSRT,PEACH YOGURT",80.87,76,0.9,0.18,0.45,17.6,0.4,11.11,27,0.4,13,27,102,14,0.18,0.04,,0.8,11.7,0.01,0.05,0.4,,0.02,8,0,8,8,3.9,0.43,3,1,1,0,0,0,0,0,0,0,0,0,0.117,0.048,0.005,4,15
"BABYFOOD,DSSRT,BLUEBERRY YOGURT,STR",81.4,77,0.5,0.7,0.35,17.05,0.4,13.62,25,0.2,13,109,62,14,0.14,0.03,,0.8,12.4,0,0.04,0.14,,0.4,8,0,8,8,5.5,0.43,41,3,1,0,23,0,0,64,0.4,0,0,13.3,0.452,0.192,0.019,4,15
"BABYFOOD,DSSRT,BANANA YOGURT,STR",80.7,78,1.1,0.52,0.33,17.35,0.5,12.2,30,0.14,10,28,100,14,0.26,0.02,,0.9,13.9,0.01,0.04,0.19,,0.08,7,0,7,7,4.7,0.13,20,3,3,4,4,0,0,4,0.02,0,0,0.1,0.37,0.12,0.03,1,15
"BABYFOOD,CRL,RICE W/ PEARS & APPL,DRY,INST FORT",2,389,6.6,0.9,2,88.5,2.6,1.35,38,9,37,253,414,2,3.3,0.377,1.298,16.3,250,1.6,1.88,25.24,,0.09,5,0,5,5,6.6,0,0,0,0,0,0,0,0,1,0.13,0,0,0.3,0.185,0.252,0.231,0,15
"BABYFOOD,BANANA NO TAPIOCA,STR",76.7,91,1,0.2,0.76,21.34,1.6,11.36,4,0.3,26,20,290,2,0.05,0.04,,1.1,21.9,0.02,0.06,0.54,,0.26,17,0,17,17,4.1,0,5,0,0,2,2,0,0,20,0.25,0,0,0.5,0.072,0.028,0.041,0,15
"BABYFOOD,BANANA APPL DSSRT,STR",83.1,68,0.3,0.2,0.29,16.3,1,14.66,3,0.1,8,9,71,7,0.05,0.03,,0.6,12.3,0.02,0.02,0.13,,0.06,4,0,4,4,2.1,0,30,2,0,8,12,3,0,10,0.02,0,0,0.1,0.058,0.018,0.047,0,15
"BABYFOOD,FRUIT SUPREME DSSRT",81.6,73,0.5,0.2,0.52,17.18,2,14.87,6,0.17,7,9,129,1,0.08,0.035,,0.4,12.7,0.01,0.04,0.28,,0.07,6,0,6,6,1.8,0,50,3,0,0,25,10,0,149,0.79,0,0,5.1,0.03,0.025,0.068,0,15
"BABYFOOD,GRAPE JUC,NO SUGAR,CND",84.4,62,0,0,0.22,15.38,0,15.3,12,0.3,10,11,90,10,0.05,0.028,0.067,0.1,33.8,0.01,0.02,0.2,,0.06,4,0,4,4,6.5,0,77,4,0,1,46,0,0,83,0,0,0,16.9,0,0,0,0,
